field,currency,units,period_end,tag,start,end,val,accn,fy,fp,form,filed,frame,retrieved_at,source,transformation,value,source_fiscal_year
revenue,USD,USD millions,2020-12-26,RevenueFromContractWithCustomerExcludingAssessedTax,2019-12-29,2020-12-26,4186573000.0,0000950170-23-003566,2022.0,FY,10-K,2023-02-22,CY2020,2026-09-06T22:52:34.554469+00:00,https://www.sec.gov/Archives/edgar/data/1121788/000095017023003566/,,,
cogs,USD,USD millions,2020-12-26,CostOfGoodsAndServicesSold,2019-12-29,2020-12-26,1705237000.0,0000950170-23-003566,2022.0,FY,10-K,2023-02-22,CY2020,2026-09-06T22:52:34.554469+00:00,https://www.sec.gov/Archives/edgar/data/1121788/000095017023003566/,,,
gross_profit,USD,USD millions,2020-12-26,GrossProfit,2019-12-29,2020-12-26,2481336000.0,0000950170-23-003566,2022.0,FY,10-K,2023-02-22,CY2020,2026-09-06T22:52:34.554469+00:00,https://www.sec.gov/Archives/edgar/data/1121788/000095017023003566/,,,
ebit,USD,USD millions,2020-12-26,OperatingIncomeLoss,2019-12-29,2020-12-26,1054240000.0,0000950170-23-003566,2022.0,FY,10-K,2023-02-22,CY2020,2026-09-06T22:52:34.554469+00:00,https://www.sec.gov/Archives/edgar/data/1121788/000095017023003566/,,,
sga,USD,USD millions,2020-12-26,SellingGeneralAndAdministrativeExpense,2019-12-29,2020-12-26,623588000.0,0000950170-23-003566,2022.0,FY,10-K,2023-02-22,CY2020,2026-09-06T22:52:34.554469+00:00,https://www.sec.gov/Archives/edgar/data/1121788/000095017023003566/,,,
rd,USD,USD millions,2020-12-26,ResearchAndDevelopmentExpense,2019-12-29,2020-12-26,652342000.0,0000950170-23-003566,2022.0,FY,10-K,2023-02-22,CY2020,2026-09-06T22:52:34.554469+00:00,https://www.sec.gov/Archives/edgar/data/1121788/000095017023003566/,,,
depreciation,USD,USD millions,2020-12-26,Depreciation,2019-12-29,2020-12-26,78121000.0,0000950170-23-003566,2022.0,FY,10-K,2023-02-22,CY2020,2026-09-06T22:52:34.554469+00:00,https://www.sec.gov/Archives/edgar/data/1121788/000095017023003566/,,,
amortization,USD,USD millions,2020-12-26,AmortizationOfIntangibleAssets,2019-12-29,2020-12-26,34797000.0,0000950170-23-003566,2022.0,FY,10-K,2023-02-22,CY2020,2026-09-06T22:52:34.554469+00:00,https://www.sec.gov/Archives/edgar/data/1121788/000095017023003566/,,,
taxes,USD,USD millions,2020-12-26,IncomeTaxExpenseBenefit,2019-12-29,2020-12-26,111086000.0,0000950170-23-003566,2022.0,FY,10-K,2023-02-22,CY2020,2026-09-06T22:52:34.554469+00:00,https://www.sec.gov/Archives/edgar/data/1121788/000095017023003566/,,,
net_income,USD,USD millions,2020-12-26,NetIncomeLoss,2019-12-29,2020-12-26,992324000.0,0000950170-23-003566,2022.0,FY,10-K,2023-02-22,CY2020,2026-09-06T22:52:34.554469+00:00,https://www.sec.gov/Archives/edgar/data/1121788/000095017023003566/,,,
cash,USD,USD millions,2020-12-26,CashAndCashEquivalentsAtCarryingValue,,2020-12-26,1458442000.0,0000950170-22-001303,2021.0,FY,10-K,2022-02-16,CY2020Q4I,2026-09-06T22:52:34.554469+00:00,https://www.sec.gov/Archives/edgar/data/1121788/000095017022001303/,,,
ar,USD,USD millions,2020-12-26,AccountsReceivableNetCurrent,,2020-12-26,849469000.0,0000950170-22-001303,2021.0,FY,10-K,2022-02-16,CY2020Q4I,2026-09-06T22:52:34.554469+00:00,https://www.sec.gov/Archives/edgar/data/1121788/000095017022001303/,,,
inventory,USD,USD millions,2020-12-26,InventoryNet,,2020-12-26,762084000.0,0000950170-22-001303,2021.0,FY,10-K,2022-02-16,CY2020Q4I,2026-09-06T22:52:34.554469+00:00,https://www.sec.gov/Archives/edgar/data/1121788/000095017022001303/,,,
other_current_assets,USD,USD millions,2020-12-26,PrepaidExpenseAndOtherAssetsCurrent,,2020-12-26,191569000.0,0000950170-22-001303,2021.0,FY,10-K,2022-02-16,CY2020Q4I,2026-09-06T22:52:34.554469+00:00,https://www.sec.gov/Archives/edgar/data/1121788/000095017022001303/,,,
ppe,USD,USD millions,2020-12-26,PropertyPlantAndEquipmentNet,,2020-12-26,855539000.0,0000950170-23-003566,2022.0,FY,10-K,2023-02-22,CY2020Q4I,2026-09-06T22:52:34.554469+00:00,https://www.sec.gov/Archives/edgar/data/1121788/000095017023003566/,,,
intangibles,USD,USD millions,2020-12-26,IntangibleAssetsNetIncludingGoodwill,,2020-12-26,828566000.0,0000950170-22-001303,2021.0,FY,10-K,2022-02-16,CY2020Q4I,2026-09-06T22:52:34.554469+00:00,https://www.sec.gov/Archives/edgar/data/1121788/000095017022001303/,Intangibles including goodwill less goodwill,,
goodwill,USD,USD millions,2020-12-26,Goodwill,,2020-12-26,584210000.0,0000950170-23-003566,2022.0,FY,10-K,2023-02-22,CY2020Q4I,2026-09-06T22:52:34.554469+00:00,https://www.sec.gov/Archives/edgar/data/1121788/000095017023003566/,,,
ap,USD,USD millions,2020-12-26,AccountsPayableCurrent,,2020-12-26,258885000.0,0000950170-22-001303,2021.0,FY,10-K,2022-02-16,CY2020Q4I,2026-09-06T22:52:34.554469+00:00,https://www.sec.gov/Archives/edgar/data/1121788/000095017022001303/,,,
accrued,USD,USD millions,2020-12-26,OtherAccruedLiabilitiesCurrent,,2020-12-26,181767000.0,0000950170-22-001303,2021.0,FY,10-K,2022-02-16,CY2020Q4I,2026-09-06T22:52:34.554469+00:00,https://www.sec.gov/Archives/edgar/data/1121788/000095017022001303/,,,
current_liabilities,USD,USD millions,2020-12-26,LiabilitiesCurrent,,2020-12-26,1164217000.0,0000950170-22-001303,2021.0,FY,10-K,2022-02-16,CY2020Q4I,2026-09-06T22:52:34.554469+00:00,https://www.sec.gov/Archives/edgar/data/1121788/000095017022001303/,,,
assets,USD,USD millions,2020-12-26,Assets,,2020-12-26,7031373000.0,0000950170-22-001303,2021.0,FY,10-K,2022-02-16,CY2020Q4I,2026-09-06T22:52:34.554469+00:00,https://www.sec.gov/Archives/edgar/data/1121788/000095017022001303/,,,
equity,USD,USD millions,2020-12-26,StockholdersEquity,,2020-12-26,5516116000.0,0000950170-24-017559,2023.0,FY,10-K,2024-02-21,CY2020Q4I,2026-09-06T22:52:34.554469+00:00,https://www.sec.gov/Archives/edgar/data/1121788/000095017024017559/,,,
investments,USD,USD millions,2020-12-26,AvailableForSaleSecuritiesDebtSecurities,,2020-12-26,1518817000.0,0000950170-22-001303,2021.0,FY,10-K,2022-02-16,CY2020Q4I,2026-09-06T22:52:34.554469+00:00,https://www.sec.gov/Archives/edgar/data/1121788/000095017022001303/,,,
cfo,USD,USD millions,2020-12-26,NetCashProvidedByUsedInOperatingActivities,2019-12-29,2020-12-26,1135267000.0,0000950170-23-003566,2022.0,FY,10-K,2023-02-22,CY2020,2026-09-06T22:52:34.554469+00:00,https://www.sec.gov/Archives/edgar/data/1121788/000095017023003566/,,,
capex,USD,USD millions,2020-12-26,PaymentsToAcquirePropertyPlantAndEquipment,2019-12-29,2020-12-26,185401000.0,0000950170-23-003566,2022.0,FY,10-K,2023-02-22,CY2020,2026-09-06T22:52:34.554469+00:00,https://www.sec.gov/Archives/edgar/data/1121788/000095017023003566/,,,
cfi,USD,USD millions,2020-12-26,NetCashProvidedByUsedInInvestingActivities,2019-12-29,2020-12-26,-260524000.0,0000950170-23-003566,2022.0,FY,10-K,2023-02-22,CY2020,2026-09-06T22:52:34.554469+00:00,https://www.sec.gov/Archives/edgar/data/1121788/000095017023003566/,,,
cff,USD,USD millions,2020-12-26,NetCashProvidedByUsedInFinancingActivities,2019-12-29,2020-12-26,-461760000.0,0000950170-23-003566,2022.0,FY,10-K,2023-02-22,CY2020,2026-09-06T22:52:34.554469+00:00,https://www.sec.gov/Archives/edgar/data/1121788/000095017023003566/,,,
dividends,USD,USD millions,2020-12-26,PaymentsOfDividends,2019-12-29,2020-12-26,450631000.0,0000950170-23-003566,2022.0,FY,10-K,2023-02-22,CY2020,2026-09-06T22:52:34.554469+00:00,https://www.sec.gov/Archives/edgar/data/1121788/000095017023003566/,,,
employee_share_withholding,USD,USD millions,2020-12-26,TreasuryStockValueAcquiredCostMethod,2019-12-29,2020-12-26,26330000.0,0000950170-23-003566,2022.0,FY,10-K,2023-02-22,CY2020,2026-09-06T22:52:34.554469+00:00,https://www.sec.gov/Archives/edgar/data/1121788/000095017023003566/,,,
sbc,USD,USD millions,2020-12-26,ShareBasedCompensation,2019-12-29,2020-12-26,80885000.0,0000950170-23-003566,2022.0,FY,10-K,2023-02-22,CY2020,2026-09-06T22:52:34.554469+00:00,https://www.sec.gov/Archives/edgar/data/1121788/000095017023003566/,,,
restricted_cash_total,USD,USD millions,2020-12-26,CashCashEquivalentsRestrictedCashAndRestrictedCashEquivalents,,2020-12-26,1458748000.0,0000950170-24-017559,2023.0,FY,10-K,2024-02-21,CY2020Q4I,2026-09-06T22:52:34.554469+00:00,https://www.sec.gov/Archives/edgar/data/1121788/000095017024017559/,,,
cash_change,USD,USD millions,2020-12-26,CashCashEquivalentsRestrictedCashAndRestrictedCashEquivalentsPeriodIncreaseDecreaseIncludingExchangeRateEffect,2019-12-29,2020-12-26,431110000.0,0000950170-23-003566,2022.0,FY,10-K,2023-02-22,CY2020,2026-09-06T22:52:34.554469+00:00,https://www.sec.gov/Archives/edgar/data/1121788/000095017023003566/,,,
fx_cash,USD,USD millions,2020-12-26,EffectOfExchangeRateOnCashCashEquivalentsRestrictedCashAndRestrictedCashEquivalentsIncludingDisposalGroupAndDiscontinuedOperations,2019-12-29,2020-12-26,18127000.0,0000950170-23-003566,2022.0,FY,10-K,2023-02-22,CY2020,2026-09-06T22:52:34.554469+00:00,https://www.sec.gov/Archives/edgar/data/1121788/000095017023003566/,,,
acquisitions,USD,USD millions,2020-12-26,grmn:CashPaidForAcquisitionsNetOfCashAcquired,,,,,,,,2023-02-22,,2026-09-06T23:21:43.655636+00:00,https://www.sec.gov/Archives/edgar/data/1121788/000095017023003566/grmn-20221231.htm,,148.648,2022.0
repurchase_plan,USD,USD millions,2020-12-26,Disclosed dash in consolidated cash-flow table,,,,,,,,2023-02-22,,2026-09-06T23:21:43.655636+00:00,https://www.sec.gov/Archives/edgar/data/1121788/000095017023003566/grmn-20221231.htm,,0.0,2022.0
revenue,USD,USD millions,2021-12-25,RevenueFromContractWithCustomerExcludingAssessedTax,2020-12-27,2021-12-25,4982795000.0,0000950170-24-017559,2023.0,FY,10-K,2024-02-21,CY2021,2026-09-06T22:52:34.554469+00:00,https://www.sec.gov/Archives/edgar/data/1121788/000095017024017559/,,,
cogs,USD,USD millions,2021-12-25,CostOfGoodsAndServicesSold,2020-12-27,2021-12-25,2092336000.0,0000950170-24-017559,2023.0,FY,10-K,2024-02-21,CY2021,2026-09-06T22:52:34.554469+00:00,https://www.sec.gov/Archives/edgar/data/1121788/000095017024017559/,,,
gross_profit,USD,USD millions,2021-12-25,GrossProfit,2020-12-27,2021-12-25,2890459000.0,0000950170-24-017559,2023.0,FY,10-K,2024-02-21,CY2021,2026-09-06T22:52:34.554469+00:00,https://www.sec.gov/Archives/edgar/data/1121788/000095017024017559/,,,
ebit,USD,USD millions,2021-12-25,OperatingIncomeLoss,2020-12-27,2021-12-25,1218620000.0,0000950170-24-017559,2023.0,FY,10-K,2024-02-21,CY2021,2026-09-06T22:52:34.554469+00:00,https://www.sec.gov/Archives/edgar/data/1121788/000095017024017559/,,,
sga,USD,USD millions,2021-12-25,SellingGeneralAndAdministrativeExpense,2020-12-27,2021-12-25,721260000.0,0000950170-24-017559,2023.0,FY,10-K,2024-02-21,CY2021,2026-09-06T22:52:34.554469+00:00,https://www.sec.gov/Archives/edgar/data/1121788/000095017024017559/,,,
rd,USD,USD millions,2021-12-25,ResearchAndDevelopmentExpense,2020-12-27,2021-12-25,778750000.0,0000950170-24-017559,2023.0,FY,10-K,2024-02-21,CY2021,2026-09-06T22:52:34.554469+00:00,https://www.sec.gov/Archives/edgar/data/1121788/000095017024017559/,,,
depreciation,USD,USD millions,2021-12-25,Depreciation,2020-12-27,2021-12-25,103498000.0,0000950170-24-017559,2023.0,FY,10-K,2024-02-21,CY2021,2026-09-06T22:52:34.554469+00:00,https://www.sec.gov/Archives/edgar/data/1121788/000095017024017559/,,,
amortization,USD,USD millions,2021-12-25,AmortizationOfIntangibleAssets,2020-12-27,2021-12-25,35540000.0,0000950170-24-017559,2023.0,FY,10-K,2024-02-21,CY2021,2026-09-06T22:52:34.554469+00:00,https://www.sec.gov/Archives/edgar/data/1121788/000095017024017559/,,,
taxes,USD,USD millions,2021-12-25,IncomeTaxExpenseBenefit,2020-12-27,2021-12-25,124596000.0,0000950170-24-017559,2023.0,FY,10-K,2024-02-21,CY2021,2026-09-06T22:52:34.554469+00:00,https://www.sec.gov/Archives/edgar/data/1121788/000095017024017559/,,,
net_income,USD,USD millions,2021-12-25,NetIncomeLoss,2020-12-27,2021-12-25,1082200000.0,0000950170-24-017559,2023.0,FY,10-K,2024-02-21,,2026-09-06T22:52:34.554469+00:00,https://www.sec.gov/Archives/edgar/data/1121788/000095017024017559/,,,
cash,USD,USD millions,2021-12-25,CashAndCashEquivalentsAtCarryingValue,,2021-12-25,1498058000.0,0000950170-23-003566,2022.0,FY,10-K,2023-02-22,CY2021Q4I,2026-09-06T22:52:34.554469+00:00,https://www.sec.gov/Archives/edgar/data/1121788/000095017023003566/,,,
ar,USD,USD millions,2021-12-25,AccountsReceivableNetCurrent,,2021-12-25,843445000.0,0000950170-23-003566,2022.0,FY,10-K,2023-02-22,CY2021Q4I,2026-09-06T22:52:34.554469+00:00,https://www.sec.gov/Archives/edgar/data/1121788/000095017023003566/,,,
inventory,USD,USD millions,2021-12-25,InventoryNet,,2021-12-25,1227609000.0,0000950170-23-003566,2022.0,FY,10-K,2023-02-22,CY2021Q4I,2026-09-06T22:52:34.554469+00:00,https://www.sec.gov/Archives/edgar/data/1121788/000095017023003566/,,,
other_current_assets,USD,USD millions,2021-12-25,PrepaidExpenseAndOtherAssetsCurrent,,2021-12-25,328719000.0,0000950170-23-003566,2022.0,FY,10-K,2023-02-22,CY2021Q4I,2026-09-06T22:52:34.554469+00:00,https://www.sec.gov/Archives/edgar/data/1121788/000095017023003566/,,,
ppe,USD,USD millions,2021-12-25,PropertyPlantAndEquipmentNet,,2021-12-25,1067478000.0,0000950170-24-017559,2023.0,FY,10-K,2024-02-21,CY2021Q4I,2026-09-06T22:52:34.554469+00:00,https://www.sec.gov/Archives/edgar/data/1121788/000095017024017559/,,,
intangibles,USD,USD millions,2021-12-25,OtherIntangibleAssetsNet,,2021-12-25,215993000.0,0000950170-23-003566,2022.0,FY,10-K,2023-02-22,CY2021Q4I,2026-09-06T22:52:34.554469+00:00,https://www.sec.gov/Archives/edgar/data/1121788/000095017023003566/,,,
goodwill,USD,USD millions,2021-12-25,Goodwill,,2021-12-25,575080000.0,0000950170-24-017559,2023.0,FY,10-K,2024-02-21,CY2021Q4I,2026-09-06T22:52:34.554469+00:00,https://www.sec.gov/Archives/edgar/data/1121788/000095017024017559/,,,
ap,USD,USD millions,2021-12-25,AccountsPayableCurrent,,2021-12-25,370048000.0,0000950170-23-003566,2022.0,FY,10-K,2023-02-22,CY2021Q4I,2026-09-06T22:52:34.554469+00:00,https://www.sec.gov/Archives/edgar/data/1121788/000095017023003566/,,,
accrued,USD,USD millions,2021-12-25,OtherAccruedLiabilitiesCurrent,,2021-12-25,225988000.0,0000950170-23-003566,2022.0,FY,10-K,2023-02-22,CY2021Q4I,2026-09-06T22:52:34.554469+00:00,https://www.sec.gov/Archives/edgar/data/1121788/000095017023003566/,,,
current_liabilities,USD,USD millions,2021-12-25,LiabilitiesCurrent,,2021-12-25,1448148000.0,0000950170-23-003566,2022.0,FY,10-K,2023-02-22,CY2021Q4I,2026-09-06T22:52:34.554469+00:00,https://www.sec.gov/Archives/edgar/data/1121788/000095017023003566/,,,
assets,USD,USD millions,2021-12-25,Assets,,2021-12-25,7854427000.0,0000950170-23-003566,2022.0,FY,10-K,2023-02-22,CY2021Q4I,2026-09-06T22:52:34.554469+00:00,https://www.sec.gov/Archives/edgar/data/1121788/000095017023003566/,,,
equity,USD,USD millions,2021-12-25,StockholdersEquity,,2021-12-25,6114159000.0,0000950170-25-022760,2024.0,FY,10-K,2025-02-19,CY2021Q4I,2026-09-06T22:52:34.554469+00:00,https://www.sec.gov/Archives/edgar/data/1121788/000095017025022760/,,,
investments,USD,USD millions,2021-12-25,AvailableForSaleSecuritiesDebtSecurities,,2021-12-25,1616678000.0,0000950170-23-003566,2022.0,FY,10-K,2023-02-22,CY2021Q4I,2026-09-06T22:52:34.554469+00:00,https://www.sec.gov/Archives/edgar/data/1121788/000095017023003566/,,,
cfo,USD,USD millions,2021-12-25,NetCashProvidedByUsedInOperatingActivities,2020-12-27,2021-12-25,1012427000.0,0000950170-24-017559,2023.0,FY,10-K,2024-02-21,CY2021,2026-09-06T22:52:34.554469+00:00,https://www.sec.gov/Archives/edgar/data/1121788/000095017024017559/,,,
capex,USD,USD millions,2021-12-25,PaymentsToAcquirePropertyPlantAndEquipment,2020-12-27,2021-12-25,307645000.0,0000950170-24-017559,2023.0,FY,10-K,2024-02-21,CY2021,2026-09-06T22:52:34.554469+00:00,https://www.sec.gov/Archives/edgar/data/1121788/000095017024017559/,,,
cfi,USD,USD millions,2021-12-25,NetCashProvidedByUsedInInvestingActivities,2020-12-27,2021-12-25,-475369000.0,0000950170-24-017559,2023.0,FY,10-K,2024-02-21,CY2021,2026-09-06T22:52:34.554469+00:00,https://www.sec.gov/Archives/edgar/data/1121788/000095017024017559/,,,
cff,USD,USD millions,2021-12-25,NetCashProvidedByUsedInFinancingActivities,2020-12-27,2021-12-25,-486709000.0,0000950170-24-017559,2023.0,FY,10-K,2024-02-21,CY2021,2026-09-06T22:52:34.554469+00:00,https://www.sec.gov/Archives/edgar/data/1121788/000095017024017559/,,,
dividends,USD,USD millions,2021-12-25,PaymentsOfDividends,2020-12-27,2021-12-25,491457000.0,0000950170-24-017559,2023.0,FY,10-K,2024-02-21,CY2021,2026-09-06T22:52:34.554469+00:00,https://www.sec.gov/Archives/edgar/data/1121788/000095017024017559/,,,
employee_share_withholding,USD,USD millions,2021-12-25,TreasuryStockValueAcquiredCostMethod,2020-12-27,2021-12-25,30985000.0,0000950170-24-017559,2023.0,FY,10-K,2024-02-21,CY2021,2026-09-06T22:52:34.554469+00:00,https://www.sec.gov/Archives/edgar/data/1121788/000095017024017559/,,,
sbc,USD,USD millions,2021-12-25,ShareBasedCompensation,2020-12-27,2021-12-25,92522000.0,0000950170-24-017559,2023.0,FY,10-K,2024-02-21,CY2021,2026-09-06T22:52:34.554469+00:00,https://www.sec.gov/Archives/edgar/data/1121788/000095017024017559/,,,
restricted_cash_total,USD,USD millions,2021-12-25,CashCashEquivalentsRestrictedCashAndRestrictedCashEquivalents,,2021-12-25,1498843000.0,0000950170-25-022760,2024.0,FY,10-K,2025-02-19,CY2021Q4I,2026-09-06T22:52:34.554469+00:00,https://www.sec.gov/Archives/edgar/data/1121788/000095017025022760/,,,
cash_change,USD,USD millions,2021-12-25,CashCashEquivalentsRestrictedCashAndRestrictedCashEquivalentsPeriodIncreaseDecreaseIncludingExchangeRateEffect,2020-12-27,2021-12-25,40095000.0,0000950170-24-017559,2023.0,FY,10-K,2024-02-21,CY2021,2026-09-06T22:52:34.554469+00:00,https://www.sec.gov/Archives/edgar/data/1121788/000095017024017559/,,,
fx_cash,USD,USD millions,2021-12-25,EffectOfExchangeRateOnCashCashEquivalentsRestrictedCashAndRestrictedCashEquivalentsIncludingDisposalGroupAndDiscontinuedOperations,2020-12-27,2021-12-25,-10254000.0,0000950170-24-017559,2023.0,FY,10-K,2024-02-21,CY2021,2026-09-06T22:52:34.554469+00:00,https://www.sec.gov/Archives/edgar/data/1121788/000095017024017559/,,,
acquisitions,USD,USD millions,2021-12-25,grmn:CashPaidForAcquisitionsNetOfCashAcquired,,,,,,,,2023-02-22,,2026-09-06T23:21:43.655636+00:00,https://www.sec.gov/Archives/edgar/data/1121788/000095017023003566/grmn-20221231.htm,,20.175,2022.0
repurchase_plan,USD,USD millions,2021-12-25,Disclosed dash in consolidated cash-flow table,,,,,,,,2023-02-22,,2026-09-06T23:21:43.655636+00:00,https://www.sec.gov/Archives/edgar/data/1121788/000095017023003566/grmn-20221231.htm,,0.0,2022.0
revenue,USD,USD millions,2022-12-31,RevenueFromContractWithCustomerExcludingAssessedTax,2021-12-26,2022-12-31,4860286000.0,0000950170-25-022760,2024.0,FY,10-K,2025-02-19,CY2022,2026-09-06T22:52:34.554469+00:00,https://www.sec.gov/Archives/edgar/data/1121788/000095017025022760/,,,
cogs,USD,USD millions,2022-12-31,CostOfGoodsAndServicesSold,2021-12-26,2022-12-31,2053511000.0,0000950170-25-022760,2024.0,FY,10-K,2025-02-19,CY2022,2026-09-06T22:52:34.554469+00:00,https://www.sec.gov/Archives/edgar/data/1121788/000095017025022760/,,,
gross_profit,USD,USD millions,2022-12-31,GrossProfit,2021-12-26,2022-12-31,2806775000.0,0000950170-25-022760,2024.0,FY,10-K,2025-02-19,CY2022,2026-09-06T22:52:34.554469+00:00,https://www.sec.gov/Archives/edgar/data/1121788/000095017025022760/,,,
ebit,USD,USD millions,2022-12-31,OperatingIncomeLoss,2021-12-26,2022-12-31,1027845000.0,0000950170-25-022760,2024.0,FY,10-K,2025-02-19,CY2022,2026-09-06T22:52:34.554469+00:00,https://www.sec.gov/Archives/edgar/data/1121788/000095017025022760/,,,
sga,USD,USD millions,2022-12-31,SellingGeneralAndAdministrativeExpense,2021-12-26,2022-12-31,944003000.0,0000950170-25-022760,2024.0,FY,10-K,2025-02-19,CY2022,2026-09-06T22:52:34.554469+00:00,https://www.sec.gov/Archives/edgar/data/1121788/000095017025022760/,,,
rd,USD,USD millions,2022-12-31,ResearchAndDevelopmentExpense,2021-12-26,2022-12-31,834927000.0,0000950170-25-022760,2024.0,FY,10-K,2025-02-19,CY2022,2026-09-06T22:52:34.554469+00:00,https://www.sec.gov/Archives/edgar/data/1121788/000095017025022760/,,,
depreciation,USD,USD millions,2022-12-31,Depreciation,2021-12-26,2022-12-31,118743000.0,0000950170-25-022760,2024.0,FY,10-K,2025-02-19,CY2022,2026-09-06T22:52:34.554469+00:00,https://www.sec.gov/Archives/edgar/data/1121788/000095017025022760/,,,
amortization,USD,USD millions,2022-12-31,AmortizationOfIntangibleAssets,2021-12-26,2022-12-31,30561000.0,0000950170-25-022760,2024.0,FY,10-K,2025-02-19,CY2022,2026-09-06T22:52:34.554469+00:00,https://www.sec.gov/Archives/edgar/data/1121788/000095017025022760/,,,
taxes,USD,USD millions,2022-12-31,IncomeTaxExpenseBenefit,2021-12-26,2022-12-31,91389000.0,0000950170-25-022760,2024.0,FY,10-K,2025-02-19,CY2022,2026-09-06T22:52:34.554469+00:00,https://www.sec.gov/Archives/edgar/data/1121788/000095017025022760/,,,
net_income,USD,USD millions,2022-12-31,NetIncomeLoss,2021-12-26,2022-12-31,973585000.0,0000950170-25-022760,2024.0,FY,10-K,2025-02-19,,2026-09-06T22:52:34.554469+00:00,https://www.sec.gov/Archives/edgar/data/1121788/000095017025022760/,,,
cash,USD,USD millions,2022-12-31,CashAndCashEquivalentsAtCarryingValue,,2022-12-31,1279194000.0,0000950170-24-017559,2023.0,FY,10-K,2024-02-21,CY2022Q4I,2026-09-06T22:52:34.554469+00:00,https://www.sec.gov/Archives/edgar/data/1121788/000095017024017559/,,,
ar,USD,USD millions,2022-12-31,AccountsReceivableNetCurrent,,2022-12-31,656847000.0,0000950170-24-017559,2023.0,FY,10-K,2024-02-21,CY2022Q4I,2026-09-06T22:52:34.554469+00:00,https://www.sec.gov/Archives/edgar/data/1121788/000095017024017559/,,,
inventory,USD,USD millions,2022-12-31,InventoryNet,,2022-12-31,1515045000.0,0000950170-24-017559,2023.0,FY,10-K,2024-02-21,CY2022Q4I,2026-09-06T22:52:34.554469+00:00,https://www.sec.gov/Archives/edgar/data/1121788/000095017024017559/,,,
other_current_assets,USD,USD millions,2022-12-31,PrepaidExpenseAndOtherAssetsCurrent,,2022-12-31,315915000.0,0000950170-24-017559,2023.0,FY,10-K,2024-02-21,CY2022Q4I,2026-09-06T22:52:34.554469+00:00,https://www.sec.gov/Archives/edgar/data/1121788/000095017024017559/,,,
ppe,USD,USD millions,2022-12-31,PropertyPlantAndEquipmentNet,,2022-12-31,1147005000.0,0000950170-25-022760,2024.0,FY,10-K,2025-02-19,CY2022Q4I,2026-09-06T22:52:34.554469+00:00,https://www.sec.gov/Archives/edgar/data/1121788/000095017025022760/,,,
intangibles,USD,USD millions,2022-12-31,OtherIntangibleAssetsNet,,2022-12-31,178461000.0,0000950170-24-017559,2023.0,FY,10-K,2024-02-21,CY2022Q4I,2026-09-06T22:52:34.554469+00:00,https://www.sec.gov/Archives/edgar/data/1121788/000095017024017559/,,,
goodwill,USD,USD millions,2022-12-31,Goodwill,,2022-12-31,567994000.0,0000950170-25-022760,2024.0,FY,10-K,2025-02-19,CY2022Q4I,2026-09-06T22:52:34.554469+00:00,https://www.sec.gov/Archives/edgar/data/1121788/000095017025022760/,,,
ap,USD,USD millions,2022-12-31,AccountsPayableCurrent,,2022-12-31,212417000.0,0000950170-24-017559,2023.0,FY,10-K,2024-02-21,CY2022Q4I,2026-09-06T22:52:34.554469+00:00,https://www.sec.gov/Archives/edgar/data/1121788/000095017024017559/,,,
accrued,USD,USD millions,2022-12-31,OtherAccruedLiabilitiesCurrent,,2022-12-31,197376000.0,0000950170-24-017559,2023.0,FY,10-K,2024-02-21,CY2022Q4I,2026-09-06T22:52:34.554469+00:00,https://www.sec.gov/Archives/edgar/data/1121788/000095017024017559/,,,
current_liabilities,USD,USD millions,2022-12-31,LiabilitiesCurrent,,2022-12-31,1211635000.0,0000950170-24-017559,2023.0,FY,10-K,2024-02-21,CY2022Q4I,2026-09-06T22:52:34.554469+00:00,https://www.sec.gov/Archives/edgar/data/1121788/000095017024017559/,,,
assets,USD,USD millions,2022-12-31,Assets,,2022-12-31,7731170000.0,0000950170-24-017559,2023.0,FY,10-K,2024-02-21,CY2022Q4I,2026-09-06T22:52:34.554469+00:00,https://www.sec.gov/Archives/edgar/data/1121788/000095017024017559/,,,
equity,USD,USD millions,2022-12-31,StockholdersEquity,,2022-12-31,6204340000.0,0000950170-25-022760,2024.0,FY,10-K,2025-02-19,,2026-09-06T22:52:34.554469+00:00,https://www.sec.gov/Archives/edgar/data/1121788/000095017025022760/,,,
investments,USD,USD millions,2022-12-31,AvailableForSaleSecuritiesDebtSecurities,,2022-12-31,1381648000.0,0000950170-24-017559,2023.0,FY,10-K,2024-02-21,CY2022Q4I,2026-09-06T22:52:34.554469+00:00,https://www.sec.gov/Archives/edgar/data/1121788/000095017024017559/,,,
cfo,USD,USD millions,2022-12-31,NetCashProvidedByUsedInOperatingActivities,2021-12-26,2022-12-31,788259000.0,0000950170-25-022760,2024.0,FY,10-K,2025-02-19,CY2022,2026-09-06T22:52:34.554469+00:00,https://www.sec.gov/Archives/edgar/data/1121788/000095017025022760/,,,
capex,USD,USD millions,2022-12-31,PaymentsToAcquirePropertyPlantAndEquipment,2021-12-26,2022-12-31,244286000.0,0000950170-25-022760,2024.0,FY,10-K,2025-02-19,CY2022,2026-09-06T22:52:34.554469+00:00,https://www.sec.gov/Archives/edgar/data/1121788/000095017025022760/,,,
cfi,USD,USD millions,2022-12-31,NetCashProvidedByUsedInInvestingActivities,2021-12-26,2022-12-31,-145124000.0,0000950170-25-022760,2024.0,FY,10-K,2025-02-19,CY2022,2026-09-06T22:52:34.554469+00:00,https://www.sec.gov/Archives/edgar/data/1121788/000095017025022760/,,,
cff,USD,USD millions,2022-12-31,NetCashProvidedByUsedInFinancingActivities,2021-12-26,2022-12-31,-840617000.0,0000950170-25-022760,2024.0,FY,10-K,2025-02-19,CY2022,2026-09-06T22:52:34.554469+00:00,https://www.sec.gov/Archives/edgar/data/1121788/000095017025022760/,,,
dividends,USD,USD millions,2022-12-31,PaymentsOfDividends,2021-12-26,2022-12-31,679096000.0,0000950170-25-022760,2024.0,FY,10-K,2025-02-19,CY2022,2026-09-06T22:52:34.554469+00:00,https://www.sec.gov/Archives/edgar/data/1121788/000095017025022760/,,,
employee_share_withholding,USD,USD millions,2022-12-31,TreasuryStockValueAcquiredCostMethod,2021-12-26,2022-12-31,22730000.0,0000950170-25-022760,2024.0,FY,10-K,2025-02-19,CY2022,2026-09-06T22:52:34.554469+00:00,https://www.sec.gov/Archives/edgar/data/1121788/000095017025022760/,,,
sbc,USD,USD millions,2022-12-31,ShareBasedCompensation,2021-12-26,2022-12-31,76801000.0,0000950170-25-022760,2024.0,FY,10-K,2025-02-19,CY2022,2026-09-06T22:52:34.554469+00:00,https://www.sec.gov/Archives/edgar/data/1121788/000095017025022760/,,,
restricted_cash_total,USD,USD millions,2022-12-31,CashCashEquivalentsRestrictedCashAndRestrictedCashEquivalents,,2022-12-31,1279912000.0,0000950170-25-022760,2024.0,FY,10-K,2025-02-19,,2026-09-06T22:52:34.554469+00:00,https://www.sec.gov/Archives/edgar/data/1121788/000095017025022760/,,,
cash_change,USD,USD millions,2022-12-31,CashCashEquivalentsRestrictedCashAndRestrictedCashEquivalentsPeriodIncreaseDecreaseIncludingExchangeRateEffect,2021-12-26,2022-12-31,-218931000.0,0000950170-25-022760,2024.0,FY,10-K,2025-02-19,CY2022,2026-09-06T22:52:34.554469+00:00,https://www.sec.gov/Archives/edgar/data/1121788/000095017025022760/,,,
fx_cash,USD,USD millions,2022-12-31,EffectOfExchangeRateOnCashCashEquivalentsRestrictedCashAndRestrictedCashEquivalentsIncludingDisposalGroupAndDiscontinuedOperations,2021-12-26,2022-12-31,-21449000.0,0000950170-25-022760,2024.0,FY,10-K,2025-02-19,CY2022,2026-09-06T22:52:34.554469+00:00,https://www.sec.gov/Archives/edgar/data/1121788/000095017025022760/,,,
repurchase_plan,USD,USD millions,2022-12-31,grmn:PaymentForPurchaseOfTreasuryStockUnderShareRepurchasePlan,,,,,,,,2025-02-19,,2026-09-06T23:20:53.127445+00:00,https://www.sec.gov/Archives/edgar/data/1121788/000095017025022760/grmn-20241228.htm,,201.012,2024.0
acquisitions,USD,USD millions,2022-12-31,grmn:CashPaidForAcquisitionsNetOfCashAcquired,,,,,,,,2025-02-19,,2026-09-06T23:20:53.127445+00:00,https://www.sec.gov/Archives/edgar/data/1121788/000095017025022760/grmn-20241228.htm,,13.455,2024.0
revenue,USD,USD millions,2023-12-30,RevenueFromContractWithCustomerExcludingAssessedTax,2023-01-01,2023-12-30,5228252000.0,0000950170-25-022760,2024.0,FY,10-K,2025-02-19,,2026-09-06T22:52:34.554469+00:00,https://www.sec.gov/Archives/edgar/data/1121788/000095017025022760/,,,
cogs,USD,USD millions,2023-12-30,CostOfGoodsAndServicesSold,2023-01-01,2023-12-30,2223297000.0,0000950170-25-022760,2024.0,FY,10-K,2025-02-19,,2026-09-06T22:52:34.554469+00:00,https://www.sec.gov/Archives/edgar/data/1121788/000095017025022760/,,,
gross_profit,USD,USD millions,2023-12-30,GrossProfit,2023-01-01,2023-12-30,3004955000.0,0000950170-25-022760,2024.0,FY,10-K,2025-02-19,,2026-09-06T22:52:34.554469+00:00,https://www.sec.gov/Archives/edgar/data/1121788/000095017025022760/,,,
ebit,USD,USD millions,2023-12-30,OperatingIncomeLoss,2023-01-01,2023-12-30,1092160000.0,0000950170-25-022760,2024.0,FY,10-K,2025-02-19,,2026-09-06T22:52:34.554469+00:00,https://www.sec.gov/Archives/edgar/data/1121788/000095017025022760/,,,
sga,USD,USD millions,2023-12-30,SellingGeneralAndAdministrativeExpense,2023-01-01,2023-12-30,1008099000.0,0000950170-25-022760,2024.0,FY,10-K,2025-02-19,,2026-09-06T22:52:34.554469+00:00,https://www.sec.gov/Archives/edgar/data/1121788/000095017025022760/,,,
rd,USD,USD millions,2023-12-30,ResearchAndDevelopmentExpense,2023-01-01,2023-12-30,904696000.0,0000950170-25-022760,2024.0,FY,10-K,2025-02-19,,2026-09-06T22:52:34.554469+00:00,https://www.sec.gov/Archives/edgar/data/1121788/000095017025022760/,,,
depreciation,USD,USD millions,2023-12-30,Depreciation,2023-01-01,2023-12-30,132347000.0,0000950170-25-022760,2024.0,FY,10-K,2025-02-19,,2026-09-06T22:52:34.554469+00:00,https://www.sec.gov/Archives/edgar/data/1121788/000095017025022760/,,,
amortization,USD,USD millions,2023-12-30,AmortizationOfIntangibleAssets,2023-01-01,2023-12-30,30513000.0,0000950170-25-022760,2024.0,FY,10-K,2025-02-19,,2026-09-06T22:52:34.554469+00:00,https://www.sec.gov/Archives/edgar/data/1121788/000095017025022760/,,,
taxes,USD,USD millions,2023-12-30,IncomeTaxExpenseBenefit,2023-01-01,2023-12-30,-89280000.0,0000950170-25-022760,2024.0,FY,10-K,2025-02-19,,2026-09-06T22:52:34.554469+00:00,https://www.sec.gov/Archives/edgar/data/1121788/000095017025022760/,,,
net_income,USD,USD millions,2023-12-30,NetIncomeLoss,2023-01-01,2023-12-30,1289636000.0,0000950170-25-022760,2024.0,FY,10-K,2025-02-19,,2026-09-06T22:52:34.554469+00:00,https://www.sec.gov/Archives/edgar/data/1121788/000095017025022760/,,,
cash,USD,USD millions,2023-12-30,CashAndCashEquivalentsAtCarryingValue,,2023-12-30,1693452000.0,0000950170-25-022760,2024.0,FY,10-K,2025-02-19,CY2023Q4I,2026-09-06T22:52:34.554469+00:00,https://www.sec.gov/Archives/edgar/data/1121788/000095017025022760/,,,
ar,USD,USD millions,2023-12-30,AccountsReceivableNetCurrent,,2023-12-30,815243000.0,0000950170-25-022760,2024.0,FY,10-K,2025-02-19,CY2023Q4I,2026-09-06T22:52:34.554469+00:00,https://www.sec.gov/Archives/edgar/data/1121788/000095017025022760/,,,
inventory,USD,USD millions,2023-12-30,InventoryNet,,2023-12-30,1345955000.0,0000950170-25-022760,2024.0,FY,10-K,2025-02-19,CY2023Q4I,2026-09-06T22:52:34.554469+00:00,https://www.sec.gov/Archives/edgar/data/1121788/000095017025022760/,,,
other_current_assets,USD,USD millions,2023-12-30,PrepaidExpenseAndOtherAssetsCurrent,,2023-12-30,318556000.0,0000950170-25-022760,2024.0,FY,10-K,2025-02-19,CY2023Q4I,2026-09-06T22:52:34.554469+00:00,https://www.sec.gov/Archives/edgar/data/1121788/000095017025022760/,,,
ppe,USD,USD millions,2023-12-30,PropertyPlantAndEquipmentNet,,2023-12-30,1224097000.0,0000950170-25-022760,2024.0,FY,10-K,2025-02-19,,2026-09-06T22:52:34.554469+00:00,https://www.sec.gov/Archives/edgar/data/1121788/000095017025022760/,,,
intangibles,USD,USD millions,2023-12-30,OtherIntangibleAssetsNet,,2023-12-30,181145000.0,0000950170-25-022760,2024.0,FY,10-K,2025-02-19,CY2023Q4I,2026-09-06T22:52:34.554469+00:00,https://www.sec.gov/Archives/edgar/data/1121788/000095017025022760/,,,
goodwill,USD,USD millions,2023-12-30,Goodwill,,2023-12-30,608474000.0,0000950170-25-022760,2024.0,FY,10-K,2025-02-19,,2026-09-06T22:52:34.554469+00:00,https://www.sec.gov/Archives/edgar/data/1121788/000095017025022760/,,,
ap,USD,USD millions,2023-12-30,AccountsPayableCurrent,,2023-12-30,253790000.0,0000950170-25-022760,2024.0,FY,10-K,2025-02-19,CY2023Q4I,2026-09-06T22:52:34.554469+00:00,https://www.sec.gov/Archives/edgar/data/1121788/000095017025022760/,,,
accrued,USD,USD millions,2023-12-30,OtherAccruedLiabilitiesCurrent,,2023-12-30,245874000.0,0000950170-25-022760,2024.0,FY,10-K,2025-02-19,CY2023Q4I,2026-09-06T22:52:34.554469+00:00,https://www.sec.gov/Archives/edgar/data/1121788/000095017025022760/,,,
current_liabilities,USD,USD millions,2023-12-30,LiabilitiesCurrent,,2023-12-30,1310687000.0,0000950170-25-022760,2024.0,FY,10-K,2025-02-19,CY2023Q4I,2026-09-06T22:52:34.554469+00:00,https://www.sec.gov/Archives/edgar/data/1121788/000095017025022760/,,,
assets,USD,USD millions,2023-12-30,Assets,,2023-12-30,8603569000.0,0000950170-25-022760,2024.0,FY,10-K,2025-02-19,CY2023Q4I,2026-09-06T22:52:34.554469+00:00,https://www.sec.gov/Archives/edgar/data/1121788/000095017025022760/,,,
equity,USD,USD millions,2023-12-30,StockholdersEquity,,2023-12-30,7012060000.0,0000950170-25-022760,2024.0,FY,10-K,2025-02-19,,2026-09-06T22:52:34.554469+00:00,https://www.sec.gov/Archives/edgar/data/1121788/000095017025022760/,,,
investments,USD,USD millions,2023-12-30,AvailableForSaleSecuritiesDebtSecurities,,2023-12-30,1399809000.0,0000950170-25-022760,2024.0,FY,10-K,2025-02-19,CY2023Q4I,2026-09-06T22:52:34.554469+00:00,https://www.sec.gov/Archives/edgar/data/1121788/000095017025022760/,,,
cfo,USD,USD millions,2023-12-30,NetCashProvidedByUsedInOperatingActivities,2023-01-01,2023-12-30,1376265000.0,0000950170-25-022760,2024.0,FY,10-K,2025-02-19,,2026-09-06T22:52:34.554469+00:00,https://www.sec.gov/Archives/edgar/data/1121788/000095017025022760/,,,
capex,USD,USD millions,2023-12-30,PaymentsToAcquirePropertyPlantAndEquipment,2023-01-01,2023-12-30,193524000.0,0000950170-25-022760,2024.0,FY,10-K,2025-02-19,,2026-09-06T22:52:34.554469+00:00,https://www.sec.gov/Archives/edgar/data/1121788/000095017025022760/,,,
cfi,USD,USD millions,2023-12-30,NetCashProvidedByUsedInInvestingActivities,2023-01-01,2023-12-30,-332972000.0,0000950170-25-022760,2024.0,FY,10-K,2025-02-19,,2026-09-06T22:52:34.554469+00:00,https://www.sec.gov/Archives/edgar/data/1121788/000095017025022760/,,,
cff,USD,USD millions,2023-12-30,NetCashProvidedByUsedInFinancingActivities,2023-01-01,2023-12-30,-636509000.0,0000950170-25-022760,2024.0,FY,10-K,2025-02-19,,2026-09-06T22:52:34.554469+00:00,https://www.sec.gov/Archives/edgar/data/1121788/000095017025022760/,,,
dividends,USD,USD millions,2023-12-30,PaymentsOfDividends,2023-01-01,2023-12-30,558769000.0,0000950170-25-022760,2024.0,FY,10-K,2025-02-19,,2026-09-06T22:52:34.554469+00:00,https://www.sec.gov/Archives/edgar/data/1121788/000095017025022760/,,,
employee_share_withholding,USD,USD millions,2023-12-30,TreasuryStockValueAcquiredCostMethod,2023-01-01,2023-12-30,22815000.0,0000950170-25-022760,2024.0,FY,10-K,2025-02-19,,2026-09-06T22:52:34.554469+00:00,https://www.sec.gov/Archives/edgar/data/1121788/000095017025022760/,,,
sbc,USD,USD millions,2023-12-30,ShareBasedCompensation,2023-01-01,2023-12-30,101422000.0,0000950170-25-022760,2024.0,FY,10-K,2025-02-19,,2026-09-06T22:52:34.554469+00:00,https://www.sec.gov/Archives/edgar/data/1121788/000095017025022760/,,,
restricted_cash_total,USD,USD millions,2023-12-30,CashCashEquivalentsRestrictedCashAndRestrictedCashEquivalents,,2023-12-30,1694156000.0,0000950170-25-022760,2024.0,FY,10-K,2025-02-19,,2026-09-06T22:52:34.554469+00:00,https://www.sec.gov/Archives/edgar/data/1121788/000095017025022760/,,,
cash_change,USD,USD millions,2023-12-30,CashCashEquivalentsRestrictedCashAndRestrictedCashEquivalentsPeriodIncreaseDecreaseIncludingExchangeRateEffect,2023-01-01,2023-12-30,414244000.0,0000950170-25-022760,2024.0,FY,10-K,2025-02-19,,2026-09-06T22:52:34.554469+00:00,https://www.sec.gov/Archives/edgar/data/1121788/000095017025022760/,,,
fx_cash,USD,USD millions,2023-12-30,EffectOfExchangeRateOnCashCashEquivalentsRestrictedCashAndRestrictedCashEquivalentsIncludingDisposalGroupAndDiscontinuedOperations,2023-01-01,2023-12-30,7460000.0,0000950170-25-022760,2024.0,FY,10-K,2025-02-19,,2026-09-06T22:52:34.554469+00:00,https://www.sec.gov/Archives/edgar/data/1121788/000095017025022760/,,,
acquisitions,USD,USD millions,2023-12-30,grmn:CashPaidForAcquisitionsNetOfCashAcquired,,,,,,,,2025-02-19,,2026-09-06T23:20:53.127445+00:00,https://www.sec.gov/Archives/edgar/data/1121788/000095017025022760/grmn-20241228.htm,,150.853,2024.0
repurchase_plan,USD,USD millions,2023-12-30,grmn:PaymentForPurchaseOfTreasuryStockUnderShareRepurchasePlan,,,,,,,,2025-02-19,,2026-09-06T23:20:53.127445+00:00,https://www.sec.gov/Archives/edgar/data/1121788/000095017025022760/grmn-20241228.htm,,98.988,2024.0
revenue,USD,USD millions,2024-12-28,RevenueFromContractWithCustomerExcludingAssessedTax,2023-12-31,2024-12-28,6296903000.0,0000950170-25-022760,2024.0,FY,10-K,2025-02-19,,2026-09-06T22:52:34.554469+00:00,https://www.sec.gov/Archives/edgar/data/1121788/000095017025022760/,,,
cogs,USD,USD millions,2024-12-28,CostOfGoodsAndServicesSold,2023-12-31,2024-12-28,2600348000.0,0000950170-25-022760,2024.0,FY,10-K,2025-02-19,,2026-09-06T22:52:34.554469+00:00,https://www.sec.gov/Archives/edgar/data/1121788/000095017025022760/,,,
gross_profit,USD,USD millions,2024-12-28,GrossProfit,2023-12-31,2024-12-28,3696555000.0,0000950170-25-022760,2024.0,FY,10-K,2025-02-19,,2026-09-06T22:52:34.554469+00:00,https://www.sec.gov/Archives/edgar/data/1121788/000095017025022760/,,,
ebit,USD,USD millions,2024-12-28,OperatingIncomeLoss,2023-12-31,2024-12-28,1593994000.0,0000950170-25-022760,2024.0,FY,10-K,2025-02-19,,2026-09-06T22:52:34.554469+00:00,https://www.sec.gov/Archives/edgar/data/1121788/000095017025022760/,,,
sga,USD,USD millions,2024-12-28,SellingGeneralAndAdministrativeExpense,2023-12-31,2024-12-28,1108960000.0,0000950170-25-022760,2024.0,FY,10-K,2025-02-19,,2026-09-06T22:52:34.554469+00:00,https://www.sec.gov/Archives/edgar/data/1121788/000095017025022760/,,,
rd,USD,USD millions,2024-12-28,ResearchAndDevelopmentExpense,2023-12-31,2024-12-28,993601000.0,0000950170-25-022760,2024.0,FY,10-K,2025-02-19,,2026-09-06T22:52:34.554469+00:00,https://www.sec.gov/Archives/edgar/data/1121788/000095017025022760/,,,
depreciation,USD,USD millions,2024-12-28,Depreciation,2023-12-31,2024-12-28,140494000.0,0000950170-25-022760,2024.0,FY,10-K,2025-02-19,,2026-09-06T22:52:34.554469+00:00,https://www.sec.gov/Archives/edgar/data/1121788/000095017025022760/,,,
amortization,USD,USD millions,2024-12-28,AmortizationOfIntangibleAssets,2023-12-31,2024-12-28,30666000.0,0000950170-25-022760,2024.0,FY,10-K,2025-02-19,,2026-09-06T22:52:34.554469+00:00,https://www.sec.gov/Archives/edgar/data/1121788/000095017025022760/,,,
taxes,USD,USD millions,2024-12-28,IncomeTaxExpenseBenefit,2023-12-31,2024-12-28,283965000.0,0000950170-25-022760,2024.0,FY,10-K,2025-02-19,,2026-09-06T22:52:34.554469+00:00,https://www.sec.gov/Archives/edgar/data/1121788/000095017025022760/,,,
net_income,USD,USD millions,2024-12-28,NetIncomeLoss,2023-12-31,2024-12-28,1411436000.0,0000950170-25-022760,2024.0,FY,10-K,2025-02-19,,2026-09-06T22:52:34.554469+00:00,https://www.sec.gov/Archives/edgar/data/1121788/000095017025022760/,,,
cash,USD,USD millions,2024-12-28,CashAndCashEquivalentsAtCarryingValue,,2024-12-28,2079468000.0,0000950170-25-022760,2024.0,FY,10-K,2025-02-19,,2026-09-06T22:52:34.554469+00:00,https://www.sec.gov/Archives/edgar/data/1121788/000095017025022760/,,,
ar,USD,USD millions,2024-12-28,AccountsReceivableNetCurrent,,2024-12-28,983404000.0,0000950170-25-022760,2024.0,FY,10-K,2025-02-19,,2026-09-06T22:52:34.554469+00:00,https://www.sec.gov/Archives/edgar/data/1121788/000095017025022760/,,,
inventory,USD,USD millions,2024-12-28,InventoryNet,,2024-12-28,1473978000.0,0000950170-25-022760,2024.0,FY,10-K,2025-02-19,,2026-09-06T22:52:34.554469+00:00,https://www.sec.gov/Archives/edgar/data/1121788/000095017025022760/,,,
other_current_assets,USD,USD millions,2024-12-28,PrepaidExpenseAndOtherAssetsCurrent,,2024-12-28,353993000.0,0000950170-25-022760,2024.0,FY,10-K,2025-02-19,,2026-09-06T22:52:34.554469+00:00,https://www.sec.gov/Archives/edgar/data/1121788/000095017025022760/,,,
ppe,USD,USD millions,2024-12-28,PropertyPlantAndEquipmentNet,,2024-12-28,1236884000.0,0000950170-25-022760,2024.0,FY,10-K,2025-02-19,,2026-09-06T22:52:34.554469+00:00,https://www.sec.gov/Archives/edgar/data/1121788/000095017025022760/,,,
intangibles,USD,USD millions,2024-12-28,OtherIntangibleAssetsNet,,2024-12-28,154163000.0,0000950170-25-022760,2024.0,FY,10-K,2025-02-19,,2026-09-06T22:52:34.554469+00:00,https://www.sec.gov/Archives/edgar/data/1121788/000095017025022760/,,,
goodwill,USD,USD millions,2024-12-28,Goodwill,,2024-12-28,603947000.0,0000950170-25-022760,2024.0,FY,10-K,2025-02-19,,2026-09-06T22:52:34.554469+00:00,https://www.sec.gov/Archives/edgar/data/1121788/000095017025022760/,,,
ap,USD,USD millions,2024-12-28,AccountsPayableCurrent,,2024-12-28,359365000.0,0000950170-25-022760,2024.0,FY,10-K,2025-02-19,,2026-09-06T22:52:34.554469+00:00,https://www.sec.gov/Archives/edgar/data/1121788/000095017025022760/,,,
accrued,USD,USD millions,2024-12-28,OtherAccruedLiabilitiesCurrent,,2024-12-28,216721000.0,0000950170-25-022760,2024.0,FY,10-K,2025-02-19,,2026-09-06T22:52:34.554469+00:00,https://www.sec.gov/Archives/edgar/data/1121788/000095017025022760/,,,
current_liabilities,USD,USD millions,2024-12-28,LiabilitiesCurrent,,2024-12-28,1507858000.0,0000950170-25-022760,2024.0,FY,10-K,2025-02-19,,2026-09-06T22:52:34.554469+00:00,https://www.sec.gov/Archives/edgar/data/1121788/000095017025022760/,,,
assets,USD,USD millions,2024-12-28,Assets,,2024-12-28,9630527000.0,0000950170-25-022760,2024.0,FY,10-K,2025-02-19,,2026-09-06T22:52:34.554469+00:00,https://www.sec.gov/Archives/edgar/data/1121788/000095017025022760/,,,
equity,USD,USD millions,2024-12-28,StockholdersEquity,,2024-12-28,7848398000.0,0000950170-25-022760,2024.0,FY,10-K,2025-02-19,,2026-09-06T22:52:34.554469+00:00,https://www.sec.gov/Archives/edgar/data/1121788/000095017025022760/,,,
investments,USD,USD millions,2024-12-28,AvailableForSaleSecuritiesDebtSecurities,,2024-12-28,1619601000.0,0000950170-25-022760,2024.0,FY,10-K,2025-02-19,,2026-09-06T22:52:34.554469+00:00,https://www.sec.gov/Archives/edgar/data/1121788/000095017025022760/,,,
cfo,USD,USD millions,2024-12-28,NetCashProvidedByUsedInOperatingActivities,2023-12-31,2024-12-28,1432471000.0,0000950170-25-022760,2024.0,FY,10-K,2025-02-19,,2026-09-06T22:52:34.554469+00:00,https://www.sec.gov/Archives/edgar/data/1121788/000095017025022760/,,,
capex,USD,USD millions,2024-12-28,PaymentsToAcquirePropertyPlantAndEquipment,2023-12-31,2024-12-28,193571000.0,0000950170-25-022760,2024.0,FY,10-K,2025-02-19,,2026-09-06T22:52:34.554469+00:00,https://www.sec.gov/Archives/edgar/data/1121788/000095017025022760/,,,
cfi,USD,USD millions,2024-12-28,NetCashProvidedByUsedInInvestingActivities,2023-12-31,2024-12-28,-393333000.0,0000950170-25-022760,2024.0,FY,10-K,2025-02-19,,2026-09-06T22:52:34.554469+00:00,https://www.sec.gov/Archives/edgar/data/1121788/000095017025022760/,,,
cff,USD,USD millions,2024-12-28,NetCashProvidedByUsedInFinancingActivities,2023-12-31,2024-12-28,-626857000.0,0000950170-25-022760,2024.0,FY,10-K,2025-02-19,,2026-09-06T22:52:34.554469+00:00,https://www.sec.gov/Archives/edgar/data/1121788/000095017025022760/,,,
dividends,USD,USD millions,2024-12-28,PaymentsOfDividends,2023-12-31,2024-12-28,572355000.0,0000950170-25-022760,2024.0,FY,10-K,2025-02-19,,2026-09-06T22:52:34.554469+00:00,https://www.sec.gov/Archives/edgar/data/1121788/000095017025022760/,,,
employee_share_withholding,USD,USD millions,2024-12-28,TreasuryStockValueAcquiredCostMethod,2023-12-31,2024-12-28,42117000.0,0000950170-25-022760,2024.0,FY,10-K,2025-02-19,,2026-09-06T22:52:34.554469+00:00,https://www.sec.gov/Archives/edgar/data/1121788/000095017025022760/,,,
sbc,USD,USD millions,2024-12-28,ShareBasedCompensation,2023-12-31,2024-12-28,137162000.0,0000950170-25-022760,2024.0,FY,10-K,2025-02-19,,2026-09-06T22:52:34.554469+00:00,https://www.sec.gov/Archives/edgar/data/1121788/000095017025022760/,,,
restricted_cash_total,USD,USD millions,2024-12-28,CashCashEquivalentsRestrictedCashAndRestrictedCashEquivalents,,2024-12-28,2080154000.0,0000950170-25-022760,2024.0,FY,10-K,2025-02-19,,2026-09-06T22:52:34.554469+00:00,https://www.sec.gov/Archives/edgar/data/1121788/000095017025022760/,,,
cash_change,USD,USD millions,2024-12-28,CashCashEquivalentsRestrictedCashAndRestrictedCashEquivalentsPeriodIncreaseDecreaseIncludingExchangeRateEffect,2023-12-31,2024-12-28,385998000.0,0000950170-25-022760,2024.0,FY,10-K,2025-02-19,,2026-09-06T22:52:34.554469+00:00,https://www.sec.gov/Archives/edgar/data/1121788/000095017025022760/,,,
fx_cash,USD,USD millions,2024-12-28,EffectOfExchangeRateOnCashCashEquivalentsRestrictedCashAndRestrictedCashEquivalentsIncludingDisposalGroupAndDiscontinuedOperations,2023-12-31,2024-12-28,-26283000.0,0000950170-25-022760,2024.0,FY,10-K,2025-02-19,,2026-09-06T22:52:34.554469+00:00,https://www.sec.gov/Archives/edgar/data/1121788/000095017025022760/,,,
acquisitions,USD,USD millions,2024-12-28,grmn:CashPaidForAcquisitionsNetOfCashAcquired,,,,,,,,2025-02-19,,2026-09-06T23:20:53.127445+00:00,https://www.sec.gov/Archives/edgar/data/1121788/000095017025022760/grmn-20241228.htm,,16.444,2024.0
repurchase_plan,USD,USD millions,2024-12-28,grmn:PaymentForPurchaseOfTreasuryStockUnderShareRepurchasePlan,,,,,,,,2025-02-19,,2026-09-06T23:20:53.127445+00:00,https://www.sec.gov/Archives/edgar/data/1121788/000095017025022760/grmn-20241228.htm,,62.348,2024.0
